BBSE3, 28.7, 7792, 28.72, 8800, 28.78, 9796, 28.97, 8923, 29.14, 11564, 29.04, 10695, 28.92, 11326, 29.09, 8483, 29.15, 11880, 29.11, 3647, 29.63, 9281, 30.31, 13007, 30.62, 15898, 30.69, 13099, 30.55, 7628, 30.69, 10502, 31.81, 17559, 32.5, 18257, 31.2, 14349, 31.21, 8574, 31.11, 12364, 31.92, 12670, 31.75, 8381, 31.25, 8030, 31.92, 16227, 31.25, 14588, 30.44, 12449, 30.61, 15350, 31.05, 10623, 31.27, 6893, 31.75, 6503, 30.28, 16103, 30.39, 23935, 30.85, 13107, 30.55, 14367, 29.75, 14653, 29.6, 13847, 29.31, 9897, 29.1, 14902, 29.21, 11881, 29.2, 9212, 29.42, 8925, 29.5, 10421, 29.05, 15945, 28.8, 8237, 29.47, 10798, 29.43, 9719, 29.04, 9972, 28.77, 6138, 27.94, 16190, 28.15, 7109, 28.05, 9967, 28.15, 9658, 28.39, 7552, 28.65, 8666, 29.51, 16929, 29.08, 9708, 29.05, 10442, 29.24, 8673, 29.27, 12271, 28.74, 8957, 28.37, 8400, 28.3, 16670, 28.79, 8707, 28.55, 9839, 28.45, 7809, 28.65, 7172, 28.22, 7103, 28.0, 8886, 27.94, 10936, 27.7, 10011, 27.77, 8782, 28.4, 16828, 28.0, 7978, 27.48, 6005, 27.8, 8830, 27.51, 7029, 27.52, 5761, 27.87, 7272, 28.02, 6303, 27.48, 6377, 27.48, 13555, 27.44, 14003, 27.06, 7456, 26.35, 9516, 26.9, 9701, 27.05, 10422, 27.75, 13860, 27.95, 13018, 27.33, 14033, 26.93, 11555, 27.35, 11576, 26.5, 14068, 26.67, 17126, 26.65, 13375, 27.7, 14466, 27.5, 8062, 28.0, 20264, 27.35, 14729, 26.86, 14220, 26.04, 20342, 26.06, 19113, 26.44, 16517, 26.51, 10143, 25.5, 15929, 25.85, 15023, 25.26, 22991, 25.46, 18424, 25.5, 10157, 25.4, 12697, 25.0, 18752, 24.84, 13079, 24.66, 16599, 24.55, 11567, 24.71, 16766, 24.55, 9749, 24.13, 11230, 24.32, 7663, 24.5, 8832, 24.65, 10218, 24.19, 11656, 24.15, 6284, 24.46, 10655, 24.4, 5019, 24.62, 11491, 24.6, 5676, 24.52, 6476, 24.6, 6830, 24.8, 10413, 24.72, 11362, 25.0, 8799, 25.19, 8261, 25.6, 7946, 26.2, 15797, 25.84, 7643, 25.58, 11546, 25.2, 11684, 25.23, 7128, 25.2, 15638, 25.41, 14989, 24.7, 10862, 24.75, 5655, 24.69, 5744, 24.49, 12762, 24.84, 13236, 24.9, 9332, 25.4, 10272, 25.0, 12807, 24.7, 14486, 24.64, 11268, 24.52, 9826, 23.1, 8976, 23.8, 11650, 24.39, 14023, 25.45, 23285, 26.01, 24107, 25.9, 25723, 25.53, 16236, 25.37, 15022, 25.17, 13847, 24.17, 12677, 24.18, 9708, 25.02, 6280, 24.92, 7842, 24.96, 5606, 24.26, 9776, 24.48, 10428, 24.06, 4466, 24.2, 9780, 24.69, 10864, 24.71, 8519, 24.58, 7020, 23.96, 8500, 23.82, 8684, 23.57, 10509, 23.35, 11121, 23.26, 9205, 23.28, 11286, 22.94, 9544, 23.27, 8858, 23.9, 9681, 23.72, 8648, 24.18, 8613, 24.34, 12936, 24.57, 11331, 24.1, 10200, 23.87, 5335, 24.9, 19087, 25.68, 25528, 25.69, 12727, 25.75, 14530, 26.85, 36519, 27.53, 19075, 27.2, 9478, 27.15, 13950, 27.0, 12371, 27.2, 20581, 27.0, 21605, 26.4, 20332, 26.43, 11981, 26.53, 10370, 26.35, 19216, 25.75, 21829, 26.36, 18322, 26.03, 22337, 26.02, 25362, 26.78, 21727, 26.48, 18352, 27.15, 15534
BBAS3, 32.93, 22561, 33.35, 20966, 33.67, 22591, 33.67, 14131, 33.75, 14173, 33.43, 13350, 33.29, 13295, 34.05, 15340, 34.13, 17238, 34.3, 12407, 34.6, 15287, 35.42, 24141, 35.18, 19247, 34.95, 14768, 35.07, 18809, 35.2, 32402, 37.99, 54266, 39.17, 78263, 38.95, 32200, 38.8, 19284, 39.68, 26045, 39.79, 30910, 39.25, 25227, 38.08, 15150, 39.75, 33964, 39.79, 31295, 38.54, 28907, 37.82, 29374, 39.56, 23913, 39.9, 21286, 40.3, 15584, 39.63, 10962, 40.8, 21606, 41.12, 27642, 42.4, 36102, 42.4, 19367, 43.02, 18749, 42.6, 13926, 41.8, 20438, 42.1, 25514, 42.2, 16168, 42.55, 20072, 43.49, 37414, 43.19, 18745, 43.42, 20719, 43.71, 22251, 43.48, 21197, 42.85, 18004, 42.48, 17679, 42.39, 17107, 42.4, 20761, 41.4, 19899, 41.56, 13478, 42.25, 19461, 41.49, 16763, 41.2, 20956, 41.48, 13535, 40.45, 18779, 40.32, 22602, 41.03, 22841, 40.25, 20681, 39.72, 14689, 40.05, 18486, 41.22, 28882, 40.68, 17874, 39.2, 22705, 38.73, 31484, 39.05, 20195, 38.95, 12733, 37.64, 20896, 36.3, 28822, 37.17, 19900, 38.02, 23894, 38.04, 18544, 37.62, 12116, 36.94, 18040, 36.58, 21778, 37.06, 18601, 37.35, 19307, 37.35, 19325, 36.7, 10917, 36.02, 20037, 35.0, 23967, 34.93, 18572, 34.89, 18382, 35.84, 21633, 37.35, 27811, 35.98, 31779, 35.81, 19994, 34.92, 24505, 33.97, 25638, 34.47, 18699, 32.87, 34277, 32.69, 28989, 31.91, 23849, 32.4, 23169, 31.7, 19019, 30.73, 46758, 30.09, 23798, 27.88, 34673, 28.51, 42532, 30.37, 38548, 30.66, 51695, 31.1, 21955, 29.12, 24805, 27.68, 35492, 26.57, 55467, 26.95, 56631, 26.06, 26194, 26.99, 29404, 26.5, 27948, 25.3, 23803, 25.0, 40027, 24.52, 27617, 26.24, 37809, 27.0, 27874, 26.01, 29162, 26.1, 20353, 26.86, 19941, 27.18, 26327, 26.62, 34524, 28.15, 19507, 28.65, 32148, 29.39, 22441, 29.65, 25614, 30.5, 13024, 29.79, 23094, 29.46, 19957, 29.21, 21399, 29.79, 19110, 30.36, 17698, 31.13, 19083, 30.79, 20429, 31.82, 25423, 31.62, 26168, 31.34, 28812, 33.0, 42220, 32.78, 11315, 33.04, 12524, 33.57, 19783, 32.48, 19439, 32.88, 15608, 32.89, 8395, 32.5, 17211, 32.97, 16470, 33.23, 14753, 34.23, 26013, 34.3, 12494, 33.57, 25201, 32.63, 23643, 33.6, 33715, 31.75, 35758, 31.9, 21876, 33.0, 19927, 32.3, 20865, 32.4, 16187, 31.26, 32420, 30.43, 34738, 29.22, 35136, 30.0, 30664, 29.24, 37826, 29.64, 24770, 30.55, 12464, 30.4, 14710, 31.09, 17024, 29.93, 21750, 30.1, 17921, 29.39, 12161, 28.64, 15639, 28.69, 16480, 29.33, 22178, 28.93, 28801, 27.62, 24270, 27.66, 23966, 27.29, 17722, 27.51, 24433, 28.45, 21464, 29.72, 39892, 29.42, 23756, 29.5, 16060, 30.58, 23812, 29.73, 16754, 29.55, 21199, 29.45, 24563, 30.29, 16320, 29.45, 17165, 28.21, 22989, 31.43, 53052, 34.28, 65676, 35.12, 42388, 35.74, 49860, 39.2, 73782, 39.0, 41302, 37.35, 37627, 37.2, 33922, 37.72, 36688, 39.37, 38179, 39.71, 32860, 39.25, 25135, 39.58, 19783, 39.85, 23452, 39.99, 26479, 39.1, 29707, 40.1, 33414, 42.42, 46514, 41.87, 74928, 43.1, 51586, 42.75, 31513, 43.38, 35569
KLBN11, 18.2, 6261, 17.97, 5643, 18.0, 9229, 17.83, 7301, 18.15, 11960, 17.95, 9373, 17.6, 5736, 17.5, 9699, 17.26, 12387, 17.25, 3764, 17.28, 7274, 16.9, 11985, 17.5, 12154, 17.47, 8194, 17.92, 7624, 17.77, 8186, 17.92, 10900, 17.82, 10197, 18.0, 8223, 18.08, 6205, 17.81, 7165, 17.71, 5434, 17.64, 6072, 17.75, 5109, 17.75, 12333, 18.07, 12446, 17.5, 9085, 17.22, 10736, 17.3, 8521, 17.5, 7082, 17.52, 8015, 17.46, 6174, 17.65, 10619, 17.78, 8076, 17.82, 6981, 18.19, 8948, 18.03, 11862, 17.94, 10320, 17.9, 6281, 17.85, 7827, 17.85, 8015, 17.85, 5870, 17.84, 7403, 18.17, 6807, 18.32, 7220, 18.32, 10252, 18.55, 7702, 18.99, 10357, 19.0, 10402, 18.67, 5896, 18.73, 9932, 18.82, 7643, 19.0, 6312, 19.0, 6093, 19.06, 5935, 18.9, 7524, 19.13, 10326, 19.3, 7488, 19.98, 13623, 20.7, 11109, 20.38, 10242, 20.85, 9452, 21.45, 14443, 21.27, 8566, 21.22, 7974, 21.12, 12861, 21.0, 7815, 20.81, 7018, 20.6, 5722, 20.38, 8706, 20.58, 6347, 21.1, 10582, 21.26, 11000, 21.08, 5795, 21.1, 4932, 20.81, 8188, 20.14, 10416, 20.2, 12090, 20.75, 12488, 21.2, 10408, 21.23, 9362, 21.1, 13188, 20.91, 12104, 20.97, 11679, 20.79, 6876, 20.79, 8764, 21.07, 9873, 21.28, 12371, 21.18, 6988, 21.12, 18395, 21.95, 20555, 22.4, 10830, 22.15, 18659, 22.0, 12733, 21.98, 9475, 21.65, 16272, 21.5, 9450, 21.25, 16711, 21.25, 15424, 20.6, 12625, 20.58, 18150, 20.99, 18817, 21.1, 12821, 21.06, 11254, 21.18, 17010, 21.65, 14929, 21.1, 26872, 20.56, 26509, 20.47, 12889, 20.71, 11139, 20.7, 13458, 20.49, 14387, 20.62, 12082, 20.3, 10178, 19.9, 14353, 19.65, 8863, 19.65, 8089, 19.37, 8632, 19.61, 8499, 19.5, 16002, 19.69, 9782, 19.48, 10070, 19.6, 12270, 19.58, 7751, 19.51, 5494, 19.54, 4218, 19.56, 4385, 19.72, 5788, 19.43, 7892, 19.52, 6775, 19.55, 4719, 19.72, 5206, 19.97, 5927, 20.25, 11933, 20.15, 4628, 20.4, 7343, 20.09, 9179, 20.2, 4766, 20.44, 6792, 20.39, 7844, 20.06, 4213, 20.13, 4786, 20.15, 10240, 20.2, 7657, 20.13, 7530, 19.94, 6262, 19.89, 11079, 19.59, 8046, 19.45, 10638, 19.43, 9320, 19.41, 5845, 19.02, 8836, 19.15, 8894, 19.35, 5689, 19.3, 10573, 19.27, 5603, 19.23, 8922, 19.46, 6271, 19.57, 11400, 19.95, 9143, 20.8, 21844, 21.38, 13303, 21.7, 10542, 21.91, 13817, 21.65, 9616, 21.57, 10475, 21.35, 6916, 21.94, 8620, 21.7, 11433, 21.6, 9072, 21.65, 12004, 21.45, 10740, 21.5, 11456, 21.33, 9305, 21.05, 12790, 20.9, 7399, 20.59, 14580, 20.65, 8907, 20.25, 9105, 20.06, 5854, 19.97, 8676, 19.86, 5542, 19.9, 6824, 20.15, 13559, 19.97, 12977, 19.89, 8286, 19.65, 6209, 19.9, 16198, 19.29, 16119, 18.83, 9963, 18.33, 21698, 18.11, 31323, 17.85, 16644, 17.94, 15926, 17.67, 10766, 18.2, 17077, 18.35, 14172, 18.35, 12650, 18.55, 7225, 18.65, 6905, 18.63, 6766, 18.77, 13050, 19.0, 10760, 19.3, 14690, 18.93, 13929, 18.56, 19706, 18.44, 17434, 18.67, 13440, 18.83, 7907
ESTC3, 33.87, 11429, 33.9, 6964, 33.76, 8833, 33.3, 7252, 33.42, 11906, 32.85, 10275, 32.88, 9077, 33.89, 14440, 33.0, 13898, 32.71, 8650, 32.5, 5238, 33.0, 8095, 32.85, 9925, 32.72, 6214, 32.25, 13037, 31.49, 12977, 32.5, 23826, 33.7, 18773, 33.42, 9927, 33.71, 6422, 35.05, 12728, 35.99, 14277, 35.46, 12882, 34.62, 7769, 35.35, 19966, 35.5, 18592, 34.25, 12719, 33.39, 17203, 34.14, 15635, 34.0, 10192, 33.52, 10426, 33.78, 3566, 33.91, 10651, 33.32, 14402, 33.79, 10147, 34.3, 8682, 34.88, 13794, 33.5, 11623, 33.9, 19053, 33.65, 14153, 33.15, 10876, 33.2, 15649, 32.58, 14220, 31.42, 23411, 31.7, 10204, 31.61, 11938, 32.01, 8777, 33.1, 17480, 33.7, 12748, 33.4, 11827, 36.4, 25668, 35.99, 18382, 36.5, 15222, 37.85, 16632, 37.47, 15451, 36.16, 23785, 36.0, 11945, 34.9, 9830, 34.2, 11909, 34.97, 14205, 34.6, 9077, 34.0, 7957, 34.41, 7346, 35.5, 15257, 35.34, 13725, 34.65, 12488, 33.75, 9843, 33.83, 9714, 33.92, 10076, 33.9, 10410, 33.48, 11216, 34.4, 5923, 35.49, 14104, 35.45, 13956, 35.32, 12893, 35.55, 10735, 35.01, 10546, 35.91, 13093, 33.85, 32624, 32.12, 22166, 31.9, 16140, 31.01, 25844, 31.0, 22033, 31.2, 17926, 29.98, 17513, 30.79, 19521, 31.07, 15775, 31.0, 13139, 27.93, 29840, 25.85, 34738, 26.09, 36327, 28.7, 30578, 27.05, 25148, 26.35, 21232, 26.4, 14401, 26.55, 15795, 26.79, 14775, 27.0, 23752, 26.49, 10696, 24.42, 13596, 23.9, 22023, 25.15, 24617, 27.0, 23846, 27.18, 10838, 25.64, 14927, 24.42, 15749, 23.38, 27374, 23.79, 19260, 23.71, 11443, 23.98, 13747, 23.5, 13028, 23.57, 15075, 23.45, 9026, 23.6, 7205, 23.79, 11828, 23.93, 14857, 24.09, 16796, 24.09, 11571, 24.15, 11817, 23.86, 16253, 24.0, 12607, 23.97, 11257, 24.38, 11936, 24.85, 11249, 25.5, 12720, 25.84, 7142, 25.6, 9762, 26.48, 10120, 26.15, 13563, 26.13, 7608, 26.15, 9062, 26.99, 11399, 26.8, 10645, 25.7, 20739, 23.95, 33304, 24.61, 22858, 26.43, 25517, 26.18, 12233, 26.24, 13394, 26.42, 9909, 26.67, 12489, 26.4, 7894, 26.39, 7740, 25.95, 14036, 26.55, 9672, 26.45, 9366, 27.25, 11690, 27.45, 8779, 26.95, 13064, 26.0, 12566, 24.95, 11846, 24.21, 13588, 24.62, 19484, 25.32, 18008, 23.55, 20191, 23.37, 15543, 23.36, 10331, 22.6, 12657, 22.3, 16394, 23.0, 9904, 22.51, 11961, 22.8, 12716, 23.45, 8311, 23.03, 15828, 22.99, 10678, 21.7, 22924, 22.54, 21446, 22.82, 7208, 21.67, 17151, 21.51, 12382, 21.5, 11529, 21.15, 13512, 20.8, 11373, 20.69, 11352, 20.49, 11507, 21.05, 10574, 21.55, 9396, 22.32, 11915, 22.54, 14200, 22.82, 12382, 23.73, 19490, 23.02, 10025, 23.61, 11007, 24.69, 19077, 24.76, 19870, 24.99, 8228, 24.44, 8620, 25.4, 18544, 25.6, 17696, 25.8, 8935, 25.7, 9277, 25.53, 27101, 24.25, 27612, 23.25, 23475, 22.66, 18441, 21.32, 20143, 21.16, 21261, 21.81, 14198, 21.89, 14761, 21.39, 10821, 21.85, 9805, 22.2, 13412, 21.25, 10230, 21.71, 12077, 21.9, 15784, 21.5, 14862, 22.47, 22380, 23.13, 15910, 23.02, 14025
TAEE11, 21.46, 4103, 21.49, 5232, 21.15, 9867, 21.25, 3206, 21.15, 5140, 20.76, 9712, 20.48, 3852, 20.33, 5334, 20.33, 4805, 20.55, 3077, 20.43, 3639, 20.5, 3970, 20.35, 4730, 20.33, 3329, 20.44, 2620, 20.33, 3849, 20.58, 7331, 20.46, 9201, 20.46, 5435, 20.35, 5655, 20.15, 8865, 20.29, 3364, 20.26, 4695, 20.04, 3418, 20.14, 6820, 20.16, 4323, 19.78, 9931, 19.65, 6063, 20.39, 10305, 20.6, 6890, 20.65, 3877, 20.43, 1693, 20.78, 6760, 21.0, 8546, 20.95, 5182, 21.01, 6048, 21.4, 12214, 21.18, 5745, 20.5, 10419, 20.45, 12280, 20.8, 7300, 20.57, 5039, 20.45, 4133, 20.45, 6330, 20.45, 5396, 20.7, 5371, 20.89, 5193, 20.7, 4660, 20.6, 4613, 20.6, 5334, 20.8, 6781, 20.72, 5710, 20.38, 5233, 20.2, 7706, 20.31, 5224, 20.88, 9987, 21.0, 6858, 21.28, 7204, 21.33, 7177, 21.73, 3534, 21.51, 4753, 21.62, 7605, 21.92, 5892, 21.72, 6220, 21.24, 7728, 20.5, 9422, 20.65, 9202, 20.8, 6182, 20.77, 8957, 20.5, 4685, 20.5, 6842, 20.83, 3986, 20.84, 6029, 20.66, 8805, 21.14, 9219, 20.97, 8493, 20.99, 6969, 21.16, 6738, 20.92, 8002, 21.3, 8448, 21.29, 5910, 21.23, 8919, 20.55, 7703, 20.2, 5966, 20.51, 7355, 20.3, 6221, 20.1, 6070, 20.59, 13831, 20.4, 9661, 20.41, 9727, 19.0, 21378, 19.15, 10686, 18.98, 10309, 18.8, 11132, 18.77, 10553, 19.45, 12724, 18.9, 11830, 18.74, 14361, 18.73, 13977, 18.09, 10468, 18.52, 22537, 19.24, 35170, 19.79, 14595, 19.72, 10459, 19.57, 11228, 19.38, 7298, 19.12, 15414, 18.95, 10709, 19.09, 11241, 18.84, 6421, 19.04, 7830, 19.05, 9814, 19.01, 8467, 19.01, 5572, 18.9, 7608, 19.17, 8231, 18.67, 7695, 18.66, 6232, 18.85, 4852, 18.84, 3840, 18.59, 6134, 18.57, 4496, 18.7, 6278, 18.84, 3194, 19.02, 5906, 19.73, 3837, 19.68, 5767, 19.74, 3996, 19.8, 5539, 19.47, 4641, 19.36, 7225, 19.57, 4131, 19.99, 4757, 20.06, 5546, 20.03, 2883, 19.85, 4109, 19.74, 5687, 19.55, 3308, 19.8, 5711, 20.27, 10702, 20.11, 7064, 20.11, 5489, 20.1, 1911, 20.21, 3105, 20.23, 3932, 20.12, 4112, 20.36, 3997, 20.32, 5191, 20.1, 7329, 20.27, 9261, 20.16, 6944, 19.4, 8251, 19.59, 7066, 20.3, 8410, 20.55, 9425, 20.83, 12019, 20.4, 6843, 20.15, 6284, 19.75, 7076, 20.18, 6441, 19.9, 5291, 19.6, 6940, 19.93, 5380, 19.88, 6166, 20.01, 4342, 19.73, 5590, 20.1, 7558, 19.96, 4362, 19.68, 9333, 19.8, 3560, 19.75, 7691, 19.83, 6564, 19.41, 5136, 19.55, 4820, 19.34, 6417, 19.35, 5130, 19.45, 4016, 19.33, 7390, 19.4, 8477, 19.6, 8245, 19.92, 6578, 19.59, 4163, 19.4, 5674, 19.8, 8830, 19.82, 6538, 20.0, 6655, 19.73, 5100, 20.4, 13417, 20.99, 10300, 21.45, 13890, 21.37, 4767, 21.6, 13685, 21.65, 11042, 21.2, 7453, 21.2, 12894, 21.91, 12122, 22.0, 8871, 22.02, 9659, 22.1, 8019, 22.0, 7489, 22.0, 7759, 21.97, 8313, 21.9, 8138, 22.03, 14565, 22.42, 13485, 22.27, 12037, 22.35, 16069, 22.26, 11056, 22.45, 11712
USIM5, 9.6, 13676, 9.92, 13128, 10.48, 23881, 10.03, 25498, 10.14, 14111, 10.25, 16527, 10.25, 14466, 10.8, 22746, 11.02, 24211, 11.3, 14191, 10.96, 14333, 11.15, 15881, 10.93, 11677, 11.43, 18925, 11.25, 21290, 10.72, 19194, 11.3, 20825, 11.41, 13649, 11.55, 14207, 11.58, 10661, 11.86, 14061, 11.7, 16631, 11.8, 16161, 11.36, 12644, 11.7, 25530, 11.6, 11262, 11.33, 14691, 11.23, 25988, 11.97, 16340, 12.13, 17630, 12.12, 10626, 12.14, 8134, 12.1, 12003, 12.15, 14374, 12.01, 8610, 12.2, 13343, 12.75, 16922, 12.65, 10392, 12.32, 12232, 11.8, 23560, 11.34, 27486, 11.14, 18608, 11.6, 27529, 11.27, 17017, 11.03, 18144, 11.18, 16245, 11.35, 15759, 11.24, 11188, 11.34, 5426, 11.14, 10963, 11.15, 8715, 10.6, 19466, 10.95, 12051, 11.22, 12464, 11.09, 20558, 10.95, 10385, 11.02, 7486, 10.81, 6695, 10.69, 8408, 10.92, 9779, 10.93, 11773, 10.72, 7781, 10.5, 10467, 10.58, 12021, 10.43, 8378, 10.06, 12844, 10.11, 10717, 10.21, 10687, 10.54, 10957, 10.52, 9008, 10.03, 18206, 10.24, 15739, 11.06, 21488, 11.45, 17914, 11.25, 15163, 10.99, 9760, 10.75, 17484, 10.89, 17340, 11.01, 10022, 10.72, 12035, 10.9, 7217, 10.83, 13442, 10.59, 16691, 10.98, 14672, 10.76, 10041, 10.85, 12735, 11.08, 14969, 11.13, 12083, 11.02, 10810, 10.85, 16167, 10.38, 20983, 10.89, 14085, 10.79, 14660, 10.68, 13581, 10.39, 11673, 10.23, 11948, 9.85, 15944, 9.6, 12522, 9.01, 31435, 8.35, 28566, 8.56, 15922, 8.25, 13107, 8.84, 19323, 9.43, 16259, 9.17, 20752, 8.9, 16850, 8.3, 26130, 8.5, 22996, 8.07, 22357, 8.3, 15754, 8.23, 14260, 7.97, 10521, 7.45, 14497, 7.39, 9475, 7.52, 14718, 7.67, 10295, 7.26, 13931, 7.16, 9352, 7.15, 9577, 7.11, 10060, 7.15, 10746, 7.43, 9315, 7.32, 16233, 7.23, 9104, 7.75, 13885, 8.22, 18846, 8.09, 15231, 8.04, 12368, 7.88, 10480, 7.53, 12405, 8.23, 17581, 8.32, 18426, 8.33, 17074, 8.7, 21041, 8.41, 21062, 8.36, 11779, 8.83, 18388, 8.82, 10280, 9.02, 12893, 9.25, 11608, 9.13, 9501, 9.15, 29126, 9.16, 9775, 8.87, 14966, 8.79, 19995, 8.96, 11587, 9.05, 13805, 8.83, 10174, 8.73, 10719, 8.8, 13208, 8.53, 32346, 7.91, 39607, 8.1, 20595, 8.26, 8393, 7.93, 17556, 8.0, 7607, 7.9399999999999995, 9317, 8.37, 17688, 8.0, 14377, 8.14, 10836, 8.02, 10943, 8.16, 7243, 8.27, 6521, 8.19, 10079, 8.33, 13053, 8.08, 10899, 8.07, 7322, 8.02, 7375, 8.01, 11278, 7.88, 7435, 7.9399999999999995, 8603, 7.87, 7354, 7.4, 17852, 7.3, 28908, 7.11, 9460, 7.0, 9535, 7.61, 18865, 8.0, 24726, 8.35, 44214, 8.05, 19951, 8.48, 13638, 8.29, 11330, 8.4, 11323, 8.41, 11646, 8.43, 10589, 8.32, 11340, 8.02, 13253, 8.5, 21059, 8.88, 33321, 9.08, 17648, 9.02, 12406, 10.0, 43939, 10.01, 36452, 9.27, 24310, 9.31, 13690, 9.67, 38549, 9.91, 17406, 9.88, 14529, 9.66, 8234, 9.7, 6414, 10.45, 15621, 10.2, 19079, 9.7, 19761, 9.9, 10983, 10.06, 23247, 10.03, 21613, 10.36, 17881, 10.28, 16735, 10.12, 23357
ENBR3, 14.2, 7184, 13.56, 8481, 13.58, 10879, 13.46, 7093, 13.68, 5850, 13.85, 5503, 13.52, 4395, 13.65, 4012, 13.75, 5135, 13.65, 4430, 13.63, 6158, 13.69, 6405, 13.65, 4757, 13.58, 3355, 13.7, 2545, 13.3, 5182, 13.68, 7820, 14.11, 8279, 14.05, 4753, 13.97, 4833, 13.71, 6891, 13.8, 6065, 13.73, 4420, 13.34, 3301, 13.66, 10258, 13.53, 9808, 13.17, 7547, 13.0, 11594, 13.19, 11604, 13.02, 10837, 13.09, 8331, 13.09, 4626, 13.4, 10441, 13.44, 7906, 13.35, 6635, 13.87, 9004, 13.6, 10621, 13.67, 6828, 13.3, 9826, 13.55, 14775, 13.83, 7000, 13.82, 7242, 13.64, 7033, 13.59, 8819, 13.57, 4523, 13.75, 9309, 13.92, 6345, 13.77, 5766, 13.6, 6820, 13.68, 5764, 13.5, 4867, 13.49, 9089, 13.55, 7187, 13.54, 5036, 13.55, 5976, 13.59, 8993, 13.53, 3914, 13.4, 4792, 13.17, 8029, 13.31, 5642, 13.28, 9676, 13.15, 6412, 13.25, 7720, 13.33, 5890, 13.22, 5829, 13.45, 12106, 13.77, 14464, 13.5, 9706, 13.52, 9179, 13.45, 8045, 13.52, 7369, 14.04, 9852, 13.65, 16986, 13.75, 9771, 13.55, 4756, 13.5, 6558, 13.38, 8132, 13.27, 8941, 13.76, 7927, 14.06, 7755, 13.89, 5053, 13.58, 8242, 13.35, 8270, 13.16, 7127, 13.33, 8262, 13.25, 8693, 13.01, 7115, 13.5, 12324, 15.6, 23391, 13.9, 28271, 13.49, 16965, 13.55, 12272, 13.68, 19875, 13.34, 14441, 13.43, 9113, 13.75, 14380, 13.44, 9126, 13.55, 10089, 13.84, 8797, 13.24, 8403, 13.06, 12651, 13.22, 10393, 13.82, 11100, 13.64, 10617, 13.32, 10778, 13.17, 11161, 12.72, 18917, 12.87, 12709, 13.15, 13713, 13.08, 12281, 13.0, 10923, 13.0, 10632, 13.0, 18353, 12.97, 9994, 13.2, 12054, 13.43, 9211, 13.45, 14696, 14.05, 15167, 14.18, 15505, 13.89, 8598, 13.65, 11960, 13.76, 15634, 13.87, 11581, 13.64, 8020, 13.9, 7808, 14.01, 2556, 13.72, 5655, 13.8, 5403, 13.92, 8504, 13.72, 5676, 13.87, 5160, 13.89, 6768, 13.81, 4646, 13.99, 8450, 14.0, 7409, 13.75, 7128, 13.94, 10410, 13.8, 5145, 13.9, 6313, 14.4, 8055, 13.66, 14997, 13.67, 9101, 13.7, 11666, 13.65, 9894, 14.1, 9366, 13.97, 6808, 14.17, 9415, 14.0, 8138, 13.9, 6855, 13.99, 8261, 13.87, 8245, 13.5, 9570, 13.65, 7297, 13.95, 6318, 13.77, 7985, 13.89, 6749, 13.71, 8645, 13.8, 6845, 13.82, 9311, 13.95, 6340, 13.87, 8061, 13.56, 8743, 13.59, 10010, 13.48, 11657, 13.55, 11222, 13.24, 10749, 13.41, 7910, 13.33, 5668, 13.07, 12094, 13.13, 6964, 13.15, 9801, 13.25, 8089, 13.15, 9937, 12.95, 8853, 12.81, 11202, 12.8, 7319, 12.92, 8111, 13.03, 10177, 12.65, 10352, 12.51, 10341, 12.89, 9828, 12.77, 6289, 12.64, 10639, 12.66, 10765, 12.94, 11259, 12.79, 7346, 12.64, 5602, 13.16, 13633, 13.67, 17920, 13.82, 10173, 13.81, 9944, 13.91, 18430, 14.0, 11729, 13.67, 9459, 13.61, 13152, 13.92, 13109, 14.23, 11817, 14.03, 11973, 14.18, 11479, 14.1, 7418, 14.15, 10842, 14.32, 14910, 14.19, 12399, 14.31, 10514, 14.35, 13660, 14.1, 15243, 14.1, 14817, 14.0, 11475, 14.01, 12817
HYPE3, 35.95, 7903, 35.39, 9421, 35.65, 11164, 35.98, 5675, 35.61, 6896, 35.8, 7433, 35.66, 5032, 35.81, 8108, 36.5, 9462, 36.33, 2267, 36.36, 7617, 36.37, 5495, 36.02, 6442, 36.26, 4925, 36.16, 4638, 35.81, 8639, 36.48, 8444, 36.0, 8318, 35.95, 5572, 35.8, 5920, 36.34, 7468, 37.2, 12658, 36.81, 7512, 35.98, 7866, 35.8, 12070, 35.95, 9807, 35.36, 5700, 35.85, 12510, 36.95, 8300, 37.0, 4468, 36.83, 3829, 37.16, 1919, 36.99, 4162, 37.07, 6910, 37.0, 8393, 36.96, 8213, 35.27, 12959, 34.9, 9484, 34.52, 11325, 34.99, 7661, 35.41, 7780, 36.28, 12006, 35.6, 13788, 36.5, 7937, 37.14, 10752, 37.0, 9164, 37.3, 8041, 37.45, 7618, 37.67, 5098, 36.96, 8954, 37.6, 9132, 36.95, 5166, 36.15, 5807, 36.07, 6355, 35.9, 6276, 35.35, 8236, 35.75, 3990, 35.31, 8376, 35.73, 7715, 36.16, 9007, 35.44, 5615, 35.35, 7414, 36.06, 10149, 36.69, 7652, 36.2, 5489, 36.2, 7479, 35.02, 22802, 35.39, 10861, 36.14, 16326, 36.11, 9102, 35.97, 6475, 36.37, 4883, 36.2, 8253, 35.9, 5814, 33.6, 17727, 31.72, 26458, 32.0, 18109, 32.79, 13903, 31.48, 12365, 31.64, 17887, 31.5, 4631, 31.0, 11580, 30.63, 10931, 30.5, 8437, 30.36, 5609, 30.15, 6448, 29.94, 5475, 30.23, 6505, 29.72, 5522, 28.9, 8262, 28.51, 13190, 28.75, 11067, 27.45, 13154, 27.5, 20141, 27.5, 10526, 28.25, 10209, 28.0, 8835, 27.9, 14257, 28.0, 7272, 26.99, 6405, 27.77, 14466, 28.2, 9292, 28.72, 12768, 28.9, 10258, 27.77, 11940, 27.0, 14534, 25.85, 15198, 26.26, 11630, 26.29, 5642, 26.83, 10213, 27.18, 10171, 26.71, 8732, 26.46, 7767, 26.43, 8422, 27.08, 9035, 28.49, 13738, 28.04, 11060, 27.8, 10604, 27.8, 6078, 28.29, 4257, 27.6, 10066, 28.06, 6009, 27.61, 11421, 28.18, 9546, 28.0, 5673, 28.0, 1884, 27.85, 5143, 28.54, 4152, 28.0, 8155, 27.94, 5912, 27.2, 8448, 27.01, 7750, 27.64, 8958, 28.3, 10045, 27.82, 4502, 28.85, 6068, 29.05, 8963, 28.35, 5320, 28.35, 7214, 28.18, 6638, 28.0, 11002, 28.16, 7012, 27.69, 10573, 27.75, 7590, 27.65, 7151, 28.54, 6423, 28.71, 9503, 28.68, 7249, 28.85, 16512, 28.46, 8782, 27.83, 9926, 27.25, 10953, 28.46, 7801, 28.4, 5418, 28.57, 7842, 28.32, 8648, 28.42, 5582, 28.3, 6429, 27.82, 8647, 28.41, 6342, 28.41, 8982, 28.86, 9751, 28.92, 2090, 28.47, 5332, 28.48, 6202, 27.66, 7089, 27.4, 6188, 28.05, 5509, 27.8, 5415, 27.6, 6626, 27.82, 6317, 27.46, 6438, 27.08, 5516, 26.81, 7773, 26.7, 5927, 27.75, 12823, 28.08, 5089, 28.07, 5939, 27.64, 5968, 28.3, 13332, 28.96, 7594, 28.3, 4401, 28.38, 10948, 28.2, 8736, 28.99, 9132, 28.52, 4393, 28.25, 2631, 28.87, 11117, 30.25, 19528, 30.11, 7156, 30.1, 5684, 30.24, 17411, 30.9, 8127, 30.6, 6692, 30.92, 10531, 30.47, 6247, 29.87, 7288, 30.0, 8677, 29.79, 5958, 30.1, 3072, 30.28, 4110, 30.4, 7619, 29.86, 10473, 30.15, 7177, 29.6, 10491, 28.8, 15061, 29.81, 12482, 29.78, 7177, 30.2, 5364
IGTA3, 40.16, 7073, 40.0, 5120, 40.34, 3240, 40.63, 4977, 40.8, 4875, 40.4, 4904, 40.0, 7098, 40.3, 3912, 40.07, 3930, 41.09, 5174, 39.93, 7259, 40.0, 8088, 40.99, 7665, 40.81, 2416, 40.59, 3502, 40.0, 5446, 41.9, 14215, 43.5, 14424, 43.27, 7432, 43.14, 7539, 43.0, 6229, 43.02, 7227, 42.56, 5947, 41.62, 5628, 40.86, 9921, 40.5, 7001, 39.77, 10145, 39.01, 7096, 39.74, 8404, 39.61, 4266, 40.15, 3538, 39.44, 3427, 39.98, 5175, 40.18, 7036, 39.86, 4155, 40.55, 4656, 40.16, 8507, 39.7, 6346, 39.49, 5040, 39.02, 5624, 40.0, 5863, 39.64, 3799, 39.33, 3710, 39.63, 4358, 39.56, 4928, 39.85, 4639, 40.0, 4443, 39.79, 4396, 39.85, 3316, 39.57, 5404, 39.2, 4593, 38.79, 9020, 38.75, 5128, 38.67, 4929, 39.9, 7588, 39.6, 5508, 40.12, 4372, 40.02, 4019, 38.98, 10828, 39.26, 4860, 38.54, 3690, 38.44, 5676, 37.23, 9599, 36.65, 10436, 36.98, 10986, 36.4, 3476, 36.61, 4914, 37.0, 5072, 36.99, 4971, 36.84, 10755, 36.15, 9170, 37.14, 4929, 37.02, 5970, 36.71, 6148, 35.75, 12866, 35.4, 3750, 34.85, 8960, 35.0, 11346, 35.7, 4176, 35.94, 2700, 35.7, 3088, 35.0, 4962, 34.2, 5337, 33.8, 3723, 33.44, 4556, 33.15, 3708, 33.5, 6100, 35.09, 7232, 33.62, 5189, 32.93, 5490, 32.28, 9194, 33.3, 8823, 32.23, 8829, 31.9, 7356, 32.4, 5078, 33.21, 10058, 31.9, 7656, 32.71, 5487, 32.4, 6135, 31.57, 5689, 31.0, 8183, 31.42, 10276, 32.7, 8419, 33.55, 5719, 32.75, 13520, 31.47, 8630, 29.85, 9603, 31.25, 8677, 30.5, 11604, 29.71, 14534, 29.56, 6599, 29.13, 9263, 29.59, 8680, 29.26, 6757, 29.9, 9212, 29.72, 8069, 29.54, 6304, 29.78, 5508, 30.08, 4666, 31.63, 8753, 30.61, 6651, 30.46, 4157, 30.84, 5255, 31.29, 9372, 31.42, 5773, 32.33, 5814, 32.12, 3710, 32.05, 3096, 32.23, 5697, 31.73, 3916, 32.3, 5029, 33.52, 4455, 33.0, 4912, 33.42, 4231, 33.1, 2779, 33.26, 3136, 33.72, 7217, 33.21, 4851, 34.0, 4491, 33.9, 6125, 33.34, 3161, 33.42, 4347, 33.48, 2552, 33.66, 4759, 33.91, 3903, 33.91, 2280, 34.51, 3470, 33.83, 4012, 32.82, 8068, 32.66, 9562, 32.08, 8505, 31.01, 4360, 31.61, 4104, 31.55, 5266, 30.63, 7507, 31.0, 3416, 30.58, 7025, 31.25, 7675, 30.79, 3471, 31.3, 4485, 30.78, 3656, 30.56, 5092, 31.51, 5923, 31.25, 3040, 31.65, 4294, 31.12, 6013, 30.64, 6814, 30.75, 3837, 29.86, 11547, 29.7, 4903, 30.04, 5904, 30.03, 4111, 29.49, 3060, 29.62, 5578, 29.24, 4340, 29.09, 7932, 29.62, 4068, 29.72, 3835, 29.68, 3748, 29.59, 4246, 29.75, 4335, 29.05, 3660, 28.94, 5348, 29.2, 9317, 30.23, 4980, 31.05, 6533, 30.87, 7294, 32.61, 10631, 32.95, 9387, 32.74, 6450, 32.4, 5380, 34.7, 12665, 35.53, 6746, 35.0, 5182, 34.87, 9144, 34.5, 5149, 36.55, 4625, 37.04, 4125, 36.66, 3376, 36.63, 3978, 37.26, 7531, 36.93, 6122, 36.23, 5794, 36.32, 7811, 37.5, 7249, 37.0, 8728, 39.42, 8302, 38.86, 6473, 38.82, 10201
SUZB3, 18.79, 9764, 18.65, 11727, 18.7, 16738, 18.65, 7538, 19.1, 13801, 19.3, 12280, 19.41, 6431, 19.34, 6630, 19.27, 11640, 19.47, 5503, 19.44, 6310, 19.65, 10850, 21.0, 17374, 21.2, 13811, 21.31, 12107, 21.09, 11679, 20.89, 12561, 20.59, 15591, 20.47, 20307, 21.06, 8990, 20.66, 7357, 21.03, 7603, 21.2, 9674, 21.06, 11763, 20.92, 12914, 20.9, 13626, 19.88, 15138, 19.92, 17499, 20.32, 13176, 20.29, 6005, 21.34, 10531, 22.09, 10214, 22.82, 15916, 22.8, 21721, 22.15, 18976, 22.15, 11603, 21.59, 17534, 21.46, 14415, 21.75, 11289, 21.26, 11675, 21.8, 15868, 21.42, 9032, 21.65, 8554, 21.96, 9335, 22.76, 16373, 23.14, 17128, 22.11, 16529, 22.75, 15850, 24.0, 13117, 23.4, 18102, 28.5, 61258, 30.6, 56063, 30.45, 35518, 31.77, 35110, 32.5, 20772, 33.19, 24668, 34.21, 16022, 33.03, 25366, 33.45, 22666, 33.36, 17387, 33.53, 19018, 34.4, 19841, 35.89, 19407, 36.5, 23893, 37.99, 13928, 36.97, 15981, 36.77, 14806, 35.7, 19321, 36.35, 15510, 36.25, 11387, 36.86, 12335, 37.89, 15598, 37.35, 20458, 37.33, 13928, 37.63, 10943, 38.25, 12847, 37.7, 9658, 39.2, 16028, 40.0, 18234, 40.25, 19938, 41.06, 8744, 42.45, 16924, 40.82, 26138, 39.85, 12784, 39.43, 9480, 39.98, 18583, 42.85, 13624, 42.02, 14851, 43.1, 12492, 45.25, 20869, 45.99, 24118, 44.49, 13558, 44.42, 21216, 46.19, 19769, 45.72, 18053, 42.98, 27626, 42.71, 12600, 45.28, 22556, 44.32, 15943, 45.0, 15677, 43.15, 31148, 43.1, 23656, 44.48, 14845, 47.03, 16080, 48.3, 16099, 51.96, 21571, 49.45, 39884, 44.73, 33357, 44.09, 22436, 45.94, 19429, 46.01, 13254, 48.0, 19434, 47.3, 21852, 46.29, 13865, 43.85, 31759, 43.11, 22405, 43.58, 18208, 43.88, 10108, 43.96, 9856, 44.5, 8728, 45.0, 16550, 44.17, 8644, 44.97, 8835, 44.59, 6411, 45.0, 12017, 45.71, 7823, 46.79, 10716, 45.64, 9454, 43.31, 18790, 44.88, 10463, 44.16, 10952, 44.24, 9891, 44.31, 9676, 43.69, 15954, 42.26, 28230, 42.0, 12829, 39.81, 33856, 41.11, 16135, 41.62, 11921, 42.55, 15249, 42.48, 8747, 43.4, 10187, 44.19, 12538, 44.55, 9833, 43.6, 12475, 44.11, 8648, 42.84, 22352, 43.1, 9759, 42.43, 22088, 43.67, 11512, 44.0, 14617, 45.68, 18686, 47.0, 21336, 45.98, 16019, 44.33, 17528, 43.16, 17570, 43.94, 16937, 45.2, 18465, 47.18, 18629, 48.22, 20001, 50.3, 23411, 50.89, 21348, 49.23, 17131, 50.01, 13390, 48.57, 11665, 48.55, 19810, 47.31, 15769, 49.04, 13587, 50.39, 16567, 54.12, 23494, 54.42, 19401, 52.94, 15866, 52.15, 18094, 51.79, 15941, 51.76, 14183, 52.0, 16933, 51.4, 17907, 49.22, 21762, 48.39, 15958, 47.88, 16438, 47.05, 12041, 46.96, 11497, 48.0, 17191, 47.96, 13020, 47.4, 20440, 48.08, 12715, 48.0, 10394, 46.2, 22995, 44.14, 33719, 41.71, 18458, 41.88, 20844, 41.7, 39855, 41.0, 26580, 41.91, 18731, 41.54, 12466, 41.0, 18446, 40.75, 15768, 40.21, 16137, 40.34, 17344, 40.29, 16212, 40.71, 14146, 40.99, 17912, 42.0, 14308, 42.23, 15411, 39.5, 26635, 37.92, 26735, 36.58, 25853, 37.85, 21144, 37.04, 13380
ITUB4, 43.88, 30810, 44.18, 18377, 45.1, 28294, 45.23, 19882, 45.08, 20228, 44.59, 25518, 44.44, 23109, 45.37, 21941, 45.33, 19090, 45.61, 10779, 46.03, 19335, 46.79, 27904, 46.68, 21456, 47.06, 15788, 48.23, 26158, 48.06, 28371, 50.37, 34001, 53.12, 62420, 51.69, 27899, 51.49, 33131, 52.26, 34477, 52.51, 37608, 51.85, 34114, 50.03, 30289, 51.83, 54544, 50.6, 42058, 50.35, 38499, 50.48, 42687, 52.66, 36703, 52.67, 45284, 50.83, 35056, 50.43, 18294, 51.67, 36864, 52.35, 35790, 52.64, 30886, 53.0, 31133, 52.94, 31592, 52.15, 25051, 50.38, 41472, 51.11, 40798, 51.38, 27038, 52.11, 24724, 51.92, 31649, 51.85, 32255, 51.49, 24288, 52.2, 24885, 52.79, 16384, 52.36, 16748, 51.19, 21161, 51.43, 25959, 51.22, 23805, 50.12, 37395, 50.28, 17661, 50.08, 28570, 49.92, 24594, 50.16, 30258, 50.78, 15104, 50.17, 16661, 50.63, 21163, 51.31, 33380, 51.05, 27687, 50.57, 25162, 50.9, 22048, 51.0, 37596, 51.25, 20263, 50.11, 17412, 50.36, 19426, 51.19, 17860, 51.64, 14572, 50.44, 19798, 49.7, 19368, 50.52, 19735, 51.48, 26705, 51.0, 18013, 50.89, 14284, 50.98, 15261, 50.73, 22550, 50.43, 20941, 51.6, 35962, 51.5, 26255, 51.01, 16358, 48.7, 56555, 47.74, 33773, 47.18, 36640, 47.25, 24352, 47.4, 28257, 47.55, 21244, 48.85, 27329, 48.07, 23000, 47.35, 29233, 47.17, 23155, 47.99, 17651, 45.48, 46071, 45.16, 61086, 44.54, 38934, 45.62, 43812, 44.76, 31478, 45.35, 32874, 44.95, 23700, 43.05, 35787, 42.9, 44964, 42.98, 44419, 43.82, 32713, 44.77, 29230, 43.38, 33888, 42.28, 33415, 41.05, 59272, 41.15, 43445, 39.96, 32872, 39.88, 27527, 39.49, 39073, 38.09, 32221, 38.46, 46831, 37.68, 33814, 39.38, 73795, 40.11, 34783, 39.04, 25953, 39.34, 16739, 39.42, 24420, 39.29, 20272, 38.58, 27831, 39.65, 25406, 40.34, 46409, 40.35, 16863, 41.3, 24893, 41.97, 16399, 41.7, 18509, 42.08, 20339, 42.19, 15747, 42.36, 31032, 43.16, 32219, 44.26, 33457, 44.1, 30788, 44.93, 31135, 44.36, 20834, 45.0, 19312, 46.28, 28676, 45.39, 16557, 45.36, 26984, 46.79, 25466, 46.05, 22136, 46.3, 23660, 46.97, 23526, 45.0, 51889, 45.55, 22036, 45.71, 21992, 46.8, 27664, 46.46, 19944, 46.18, 33360, 45.1, 31431, 44.86, 27522, 43.23, 40678, 43.57, 40633, 44.47, 30972, 44.17, 36022, 44.11, 24520, 42.98, 31001, 42.53, 30130, 41.98, 35953, 42.98, 23595, 41.31, 33879, 41.62, 22243, 43.0, 17506, 42.7, 21726, 43.41, 19790, 41.7, 30938, 42.27, 20713, 41.67, 10283, 41.31, 24315, 41.55, 20122, 42.6, 32287, 42.99, 19239, 41.51, 32992, 41.63, 24966, 41.4, 23658, 42.13, 31969, 43.13, 22911, 43.09, 21491, 43.39, 24992, 43.11, 19771, 43.84, 25817, 42.75, 19207, 42.85, 27979, 43.32, 26255, 44.51, 34681, 44.13, 23292, 43.62, 19626, 45.3, 53071, 47.35, 69834, 47.4, 37137, 47.24, 26133, 50.05, 86129, 49.79, 26389, 48.07, 31848, 47.5, 40945, 48.05, 37320, 49.97, 35221, 49.45, 25802, 47.98, 20718, 47.93, 15732, 48.63, 14183, 48.8, 22885, 47.53, 24813, 48.08, 35379, 48.98, 40809, 48.08, 57045, 49.49, 65236, 49.25, 39415, 49.94, 29220
ABEV3, 21.69, 33607, 21.74, 25372, 21.62, 25267, 21.7, 21617, 21.66, 19475, 21.6, 16477, 21.6, 13283, 21.85, 17596, 21.6, 27595, 21.82, 15633, 21.9, 31647, 22.03, 20435, 21.92, 25520, 22.0, 21293, 21.9, 19169, 21.9, 18215, 21.89, 36017, 21.88, 38422, 21.84, 25623, 21.87, 15025, 21.95, 31295, 22.23, 38244, 22.01, 21821, 21.68, 18008, 21.62, 37590, 21.62, 35457, 21.66, 23146, 21.49, 30449, 22.24, 23154, 22.3, 20695, 22.43, 23747, 22.34, 6236, 22.71, 22689, 22.4, 29180, 22.42, 22077, 21.97, 32350, 22.15, 41604, 22.22, 21098, 22.0, 28531, 22.34, 37842, 22.58, 30261, 22.52, 20979, 22.77, 30196, 23.07, 24518, 23.3, 19788, 23.44, 21091, 23.98, 29000, 23.96, 16886, 24.27, 19022, 23.88, 29966, 23.61, 13699, 23.79, 25945, 23.69, 16105, 23.89, 26520, 24.01, 21203, 23.92, 22768, 24.0, 12880, 23.84, 23544, 23.82, 18194, 24.07, 31925, 23.85, 16016, 24.2, 24926, 24.19, 24997, 24.03, 24270, 23.25, 36676, 23.29, 27727, 23.8, 27833, 23.85, 19946, 23.29, 27128, 23.26, 29919, 22.98, 21490, 23.11, 22789, 23.35, 31894, 23.5, 20977, 23.43, 14279, 23.45, 21813, 23.31, 23814, 23.17, 20404, 23.31, 26250, 23.18, 20559, 23.33, 17868, 22.67, 31698, 22.6, 24311, 22.5, 28474, 22.34, 24263, 22.44, 33579, 21.91, 39285, 21.8, 34351, 21.85, 23966, 21.71, 27706, 21.46, 23525, 21.51, 20273, 21.09, 42151, 20.63, 54449, 20.3, 37250, 20.15, 27091, 20.05, 24763, 20.33, 34988, 20.16, 35269, 19.76, 30911, 19.59, 41846, 19.69, 41273, 19.94, 28662, 20.04, 19873, 19.76, 27551, 19.53, 24049, 19.08, 55724, 18.96, 35966, 18.99, 47088, 18.88, 36200, 18.71, 29246, 18.93, 34226, 18.72, 43934, 18.54, 37681, 18.8, 31715, 18.54, 40714, 18.13, 25365, 18.16, 19636, 18.22, 19118, 18.09, 23286, 17.95, 22523, 18.01, 19571, 17.98, 24616, 18.14, 14633, 18.09, 29770, 18.1, 22468, 18.4, 18893, 18.09, 18906, 18.19, 14043, 17.91, 19674, 18.24, 27634, 18.44, 17537, 18.95, 23327, 19.17, 24319, 18.76, 23173, 18.88, 16918, 18.79, 25593, 18.65, 18303, 18.97, 32039, 18.9, 32409, 19.89, 35553, 19.81, 35015, 19.7, 22275, 19.41, 23386, 19.45, 16661, 19.29, 16916, 19.3, 20557, 19.3, 19350, 19.17, 28926, 19.16, 24720, 19.27, 32857, 18.91, 37408, 19.14, 25706, 19.41, 24738, 19.42, 38369, 19.01, 19555, 19.18, 32240, 19.15, 30369, 18.98, 24641, 18.9, 16267, 18.94, 22788, 19.07, 20921, 19.13, 19092, 19.1, 19518, 19.25, 25423, 19.0, 29986, 18.85, 37631, 18.63, 11877, 18.01, 28476, 18.14, 28199, 18.32, 24025, 18.29, 18792, 18.19, 30708, 18.45, 16487, 18.33, 24594, 18.23, 19121, 18.36, 19210, 18.79, 45387, 18.79, 22526, 18.75, 13828, 18.85, 23502, 18.39, 28184, 18.4, 26581, 18.7, 22702, 18.48, 30734, 18.34, 11642, 18.43, 16236, 18.25, 51282, 18.13, 45826, 17.87, 25595, 17.65, 29000, 18.0, 62882, 17.48, 38340, 17.2, 24056, 16.99, 22933, 16.93, 20254, 17.41, 22530, 17.05, 28117, 16.65, 26756, 16.86, 27984, 16.82, 38673, 16.63, 31412, 15.89, 47936, 15.0, 82675, 15.19, 60083, 15.43, 51391, 16.05, 59290, 16.34, 41524, 16.37, 28411
CIEL3, 24.09, 15201, 24.43, 17307, 24.45, 12243, 24.73, 15086, 25.0, 15359, 24.55, 13850, 24.2, 10739, 24.18, 10386, 24.1, 13438, 23.75, 6777, 24.48, 21863, 25.5, 23512, 26.35, 26122, 26.65, 22645, 27.38, 21684, 27.25, 28746, 27.0, 36327, 26.57, 41852, 25.99, 20123, 26.38, 18284, 26.88, 26350, 26.97, 18926, 26.22, 17584, 25.27, 15068, 25.12, 24021, 25.4, 15958, 24.32, 19291, 24.14, 18742, 24.05, 16382, 24.85, 18652, 24.36, 12520, 24.28, 9397, 24.49, 11744, 24.67, 20529, 24.02, 16080, 24.65, 19641, 24.28, 12134, 24.19, 11127, 24.19, 14763, 24.2, 14192, 23.89, 12051, 24.05, 13101, 23.62, 17711, 23.9, 15550, 23.85, 11984, 22.98, 13268, 22.85, 22782, 23.3, 15423, 22.95, 11431, 21.92, 20407, 22.17, 12967, 22.55, 26222, 22.98, 11941, 22.3, 17511, 21.91, 14861, 21.31, 19752, 21.0, 25795, 20.8, 13803, 20.78, 14588, 20.69, 16890, 20.45, 10954, 20.49, 12091, 20.05, 25370, 20.08, 18253, 20.22, 13669, 20.45, 17394, 19.78, 23116, 19.7, 15593, 19.5, 25132, 18.74, 25520, 18.85, 13714, 19.03, 16985, 19.03, 19733, 18.8, 9820, 18.95, 9683, 18.7, 8362, 19.3, 10531, 19.2, 20345, 19.4, 13386, 18.95, 10807, 19.2, 12451, 19.18, 18364, 17.99, 36243, 17.41, 24115, 17.72, 12472, 18.15, 20283, 17.85, 12919, 18.1, 16250, 18.08, 13516, 18.15, 19215, 17.73, 17783, 17.52, 11487, 17.0, 20020, 16.95, 24170, 16.71, 15722, 16.76, 19541, 16.81, 11864, 17.33, 27526, 17.15, 14084, 16.89, 19530, 16.5, 27184, 16.95, 21285, 17.29, 18591, 16.95, 17735, 16.45, 14019, 16.2, 15429, 16.0, 26243, 16.42, 24585, 15.8, 11999, 15.41, 22491, 14.58, 26217, 15.33, 32647, 15.2, 24609, 15.05, 20303, 15.95, 18415, 16.3, 13382, 15.88, 30326, 15.33, 15895, 15.4, 9166, 15.72, 9698, 16.05, 17565, 16.4, 12917, 16.52, 9821, 16.2, 7796, 16.03, 8896, 16.0, 5082, 16.0, 20553, 15.96, 8484, 16.81, 18134, 16.49, 10178, 16.4, 10842, 16.9, 21044, 17.7, 12546, 17.7, 20733, 17.0, 13802, 16.96, 11350, 17.12, 11249, 17.04, 5200, 16.92, 9956, 16.57, 17970, 16.01, 14008, 16.0, 8973, 15.9, 10498, 14.35, 36423, 14.56, 22940, 14.45, 14326, 14.41, 12012, 13.83, 14096, 13.28, 34565, 14.0, 30725, 14.5, 23021, 14.12, 17450, 14.35, 13161, 15.08, 14818, 14.81, 24754, 14.98, 19883, 14.67, 13967, 14.46, 13759, 14.41, 19158, 14.77, 12333, 14.89, 14772, 14.97, 11303, 15.25, 8395, 15.25, 11489, 15.31, 6939, 15.24, 15162, 15.1, 10939, 14.87, 6282, 14.84, 13256, 14.71, 7587, 14.12, 20852, 14.5, 11235, 14.35, 18571, 14.5, 10317, 14.2, 10592, 14.1, 20275, 14.19, 17840, 13.86, 21361, 13.41, 14243, 12.68, 20072, 12.87, 16418, 12.65, 11225, 12.54, 14343, 12.59, 18021, 12.6, 16333, 12.25, 19360, 12.15, 14209, 12.8, 19340, 12.28, 25601, 12.3, 17546, 12.3, 14519, 12.8, 39023, 12.33, 21962, 12.4, 14014, 12.43, 16168, 12.3, 28394, 12.53, 15031, 12.7, 18026, 12.66, 22085, 12.64, 17006, 12.85, 15559, 12.63, 17231, 12.3, 25361, 12.0, 37150, 12.15, 31722, 12.38, 39050, 12.63, 33806, 13.2, 34313, 12.91, 32077
FLRY3, 29.7, 8770, 28.99, 6316, 28.41, 7491, 28.82, 5457, 28.07, 6423, 27.26, 7163, 28.15, 7593, 27.58, 7045, 27.41, 6217, 27.86, 4048, 27.7, 4510, 27.86, 6491, 27.79, 6643, 27.77, 5548, 27.48, 6377, 26.75, 8106, 28.25, 13624, 28.6, 10697, 28.61, 6482, 29.3, 12449, 30.0, 15247, 29.64, 11858, 29.52, 8922, 28.13, 7887, 27.98, 13458, 28.1, 5776, 28.24, 10389, 28.35, 9231, 29.52, 11724, 29.22, 6310, 28.97, 7015, 28.46, 5193, 28.39, 7102, 28.37, 4970, 28.47, 4513, 28.7, 9981, 28.07, 6931, 27.31, 11082, 27.13, 7103, 27.31, 12665, 28.5, 11495, 28.9, 8613, 28.55, 6284, 28.77, 7686, 28.96, 6382, 28.74, 6732, 28.61, 6213, 27.96, 6364, 27.16, 10560, 27.28, 5662, 27.48, 6302, 27.47, 7593, 26.94, 8443, 27.2, 10261, 27.82, 7431, 27.41, 9769, 27.55, 7077, 27.1, 9523, 26.6, 9127, 27.14, 8602, 26.65, 8638, 26.38, 5583, 26.1, 12826, 26.11, 7650, 26.04, 6008, 25.88, 7689, 26.26, 8674, 27.01, 6767, 27.3, 9240, 26.88, 7052, 26.21, 8874, 26.31, 8475, 26.65, 10421, 27.29, 9665, 27.3, 10816, 26.7, 8646, 26.45, 8131, 26.65, 10202, 27.19, 7653, 26.56, 18088, 26.11, 8127, 25.78, 10680, 25.58, 7209, 26.59, 12399, 26.27, 6352, 26.5, 9296, 27.0, 9962, 27.16, 12126, 26.55, 8016, 25.3, 12752, 25.2, 14947, 25.48, 9524, 24.7, 14530, 24.69, 16417, 24.66, 10688, 25.5, 8738, 24.75, 6635, 25.2, 7077, 25.08, 9237, 23.86, 4460, 23.67, 11355, 24.58, 8290, 25.46, 10569, 25.55, 9125, 25.1, 10923, 24.25, 9159, 24.0, 16228, 24.04, 10301, 24.42, 10286, 24.78, 8515, 24.86, 10786, 24.58, 13064, 23.93, 8075, 23.74, 6258, 24.99, 7739, 24.4, 5033, 23.75, 6270, 24.26, 8903, 24.55, 9679, 26.09, 11425, 25.63, 11160, 26.2, 8877, 26.45, 6752, 25.71, 5648, 26.5, 5342, 26.74, 4078, 26.57, 5373, 27.12, 3788, 27.39, 12412, 27.65, 9809, 27.6, 7219, 27.7, 6648, 28.01, 5960, 28.51, 11923, 28.58, 9140, 28.36, 10474, 28.0, 9162, 27.69, 6516, 27.98, 9563, 27.8, 8069, 27.89, 7415, 27.4, 9295, 27.11, 7019, 27.38, 6992, 27.0, 9314, 27.6, 5189, 28.13, 7492, 28.15, 7440, 27.2, 6885, 27.51, 5762, 27.25, 8903, 26.41, 7303, 26.5, 4588, 27.76, 6219, 27.03, 8112, 27.65, 4293, 26.84, 7988, 27.05, 7379, 26.12, 6154, 26.46, 6377, 25.74, 6501, 25.88, 7275, 26.31, 8458, 25.52, 6705, 25.51, 7956, 25.55, 6612, 25.7, 6482, 25.28, 7290, 24.9, 9606, 25.14, 5016, 25.49, 6194, 24.24, 9793, 23.77, 11240, 23.13, 8498, 22.85, 11140, 22.64, 9946, 22.86, 6451, 23.33, 12369, 22.61, 8292, 23.25, 6342, 23.27, 7761, 22.41, 6213, 22.15, 8723, 21.94, 10978, 22.14, 11677, 21.3, 7462, 21.05, 6968, 21.83, 13456, 22.42, 15913, 21.88, 13412, 21.68, 9599, 22.51, 19474, 22.55, 9434, 21.71, 8378, 21.6, 7442, 20.79, 9812, 21.69, 12178, 21.6, 8202, 21.58, 5960, 21.66, 4583, 21.74, 4430, 22.2, 6823, 21.63, 7794, 22.35, 7919, 21.78, 13768, 21.0, 11217, 21.2, 14188, 20.85, 15449, 21.27, 12519
EGIE3, 35.72, 2821, 35.48, 2858, 35.02, 6540, 35.2, 2362, 35.4, 2542, 35.4, 3454, 35.27, 3793, 34.92, 3522, 35.1, 3575, 35.29, 1992, 35.45, 2403, 35.98, 4150, 36.1, 3599, 36.75, 3687, 36.7, 3202, 36.0, 3533, 36.7, 5991, 36.81, 4406, 36.63, 2741, 36.45, 3010, 35.94, 5621, 36.09, 5892, 36.0, 4212, 35.5, 3815, 35.95, 6931, 35.77, 4419, 35.18, 3811, 34.95, 4642, 35.43, 6922, 35.95, 5055, 36.74, 4799, 36.82, 1400, 37.77, 9172, 38.05, 6587, 38.2, 6251, 39.0, 6953, 39.6, 10277, 39.5, 6886, 39.15, 5340, 39.31, 5525, 39.15, 8076, 39.25, 4912, 38.66, 6987, 39.06, 5674, 39.11, 3369, 39.15, 4241, 39.37, 3970, 38.5, 6125, 38.3, 3343, 37.99, 4047, 38.39, 4959, 38.6, 2611, 38.8, 1879, 39.11, 4393, 38.67, 4329, 38.44, 3868, 38.5, 3639, 38.58, 4223, 38.65, 6446, 39.16, 3620, 38.49, 3188, 37.96, 5281, 38.17, 6422, 38.63, 6164, 38.21, 3969, 37.8, 4654, 38.5, 9433, 38.0, 2858, 38.25, 3857, 38.35, 3708, 37.49, 4025, 37.95, 5858, 38.16, 7777, 37.68, 4584, 37.58, 5091, 37.3, 2699, 36.5, 4313, 36.6, 3145, 37.7, 4788, 37.64, 3956, 36.99, 4030, 36.85, 5510, 36.68, 5012, 36.33, 3264, 36.12, 2664, 35.94, 3939, 35.98, 4076, 37.18, 6554, 36.93, 4620, 37.0, 7533, 36.97, 7000, 38.7, 5927, 37.88, 6984, 38.68, 8450, 38.6, 5763, 38.22, 7730, 38.24, 4009, 37.69, 4129, 37.61, 3733, 36.98, 2206, 36.3, 8221, 36.99, 5992, 37.6, 6775, 37.28, 4295, 36.2, 6169, 35.55, 4259, 35.05, 5986, 34.74, 5732, 34.46, 4476, 34.2, 3911, 34.02, 5561, 33.55, 4606, 34.21, 6958, 33.62, 3773, 33.55, 6398, 33.5, 6114, 33.42, 8131, 33.78, 7356, 34.0, 4513, 34.32, 3225, 34.32, 4472, 34.43, 3861, 34.23, 4166, 34.26, 2212, 34.5, 3553, 34.85, 2697, 34.56, 2240, 34.27, 3272, 34.4, 4020, 34.83, 4718, 35.36, 5197, 36.28, 7067, 36.21, 1764, 35.5, 8826, 35.42, 2283, 35.55, 3268, 35.93, 4663, 35.68, 2129, 36.11, 6063, 36.71, 3938, 36.55, 7281, 36.81, 1981, 37.12, 2852, 37.39, 6486, 37.32, 2829, 37.32, 2513, 37.65, 3867, 37.71, 1699, 36.7, 5085, 36.61, 6375, 38.26, 12552, 37.29, 6894, 37.3, 5597, 37.48, 5181, 37.15, 6281, 37.15, 4606, 37.05, 3756, 37.35, 3787, 35.36, 6282, 36.03, 4949, 35.55, 4386, 36.0, 3610, 36.59, 5227, 36.7, 6587, 36.68, 6504, 36.35, 5900, 36.9, 5399, 37.04, 5699, 36.4, 5990, 36.34, 2745, 36.96, 4501, 36.93, 3094, 36.52, 3284, 36.3, 2437, 36.44, 4151, 36.16, 3146, 36.38, 3972, 36.35, 4165, 35.94, 3809, 35.81, 2422, 36.0, 3792, 35.7, 3761, 35.58, 3876, 35.72, 4352, 35.39, 6170, 35.48, 3539, 35.32, 2122, 36.02, 6406, 36.43, 7675, 36.55, 4319, 36.09, 3631, 36.55, 10630, 36.73, 5365, 36.12, 5194, 35.44, 6720, 35.93, 4932, 36.77, 3939, 37.26, 6305, 37.65, 4980, 38.0, 5072, 38.1, 3813, 38.21, 4651, 37.7, 6390, 37.75, 7777, 38.55, 9416, 38.5, 10460, 39.53, 11309, 39.8, 5613, 40.16, 8296
QUAL3, 30.76, 16612, 31.0, 10246, 31.41, 13612, 31.65, 10999, 31.3, 9954, 30.46, 10687, 30.52, 11380, 30.71, 11127, 30.62, 12225, 30.81, 4071, 31.48, 7035, 32.1, 8562, 32.45, 11344, 32.76, 10987, 33.26, 10051, 32.5, 8380, 33.5, 11252, 33.9, 12252, 32.67, 7503, 31.38, 12606, 30.59, 17131, 31.19, 13235, 30.35, 6887, 29.6, 5367, 30.9, 12296, 30.96, 11569, 29.78, 8926, 29.35, 12272, 29.64, 12613, 29.71, 4046, 29.5, 5154, 29.61, 3652, 29.05, 9952, 29.6, 10275, 28.85, 7884, 29.38, 9815, 29.17, 8092, 28.55, 6913, 28.75, 8204, 28.7, 9404, 28.61, 7481, 28.6, 5748, 28.68, 5475, 28.7, 6646, 27.32, 11581, 26.81, 11060, 26.67, 5567, 26.82, 7463, 25.96, 6381, 24.91, 14231, 22.0, 40482, 22.8, 18471, 23.9, 23766, 23.67, 14930, 22.95, 18998, 22.78, 19591, 22.64, 14444, 22.13, 12635, 22.49, 11620, 22.28, 13108, 22.12, 4862, 22.41, 5858, 22.0, 13259, 21.89, 8850, 21.59, 8798, 21.4, 11176, 21.44, 8310, 22.01, 8049, 22.87, 16018, 22.65, 9693, 22.46, 9931, 22.39, 9159, 22.19, 16760, 22.31, 12485, 22.2, 9962, 22.09, 4750, 23.23, 11023, 24.49, 17498, 24.23, 11782, 24.31, 7566, 24.35, 5776, 23.81, 14968, 23.47, 11890, 23.67, 11217, 23.45, 10259, 22.98, 10053, 23.3, 10813, 24.01, 9576, 23.89, 12821, 22.38, 16464, 21.02, 33926, 22.04, 15653, 21.02, 14371, 20.82, 23342, 20.35, 13666, 21.43, 14510, 19.72, 20725, 19.5, 17383, 19.11, 14989, 18.18, 11878, 18.62, 26022, 19.05, 35524, 19.47, 21491, 19.18, 11620, 18.1, 15768, 17.6, 10927, 17.53, 20415, 17.6, 12367, 17.33, 7894, 17.48, 7816, 17.73, 13202, 17.55, 13918, 17.17, 8425, 16.91, 5815, 17.71, 13044, 18.11, 12562, 17.7, 12056, 17.5, 12687, 17.5, 6321, 18.03, 10390, 17.97, 12262, 18.5, 6605, 18.46, 8537, 18.13, 4472, 18.66, 7510, 19.0, 4894, 18.94, 5938, 19.79, 8618, 19.9, 12301, 19.95, 11729, 19.67, 10639, 19.49, 10666, 19.27, 6383, 19.25, 14106, 19.12, 9598, 19.87, 10618, 20.17, 14438, 19.61, 7689, 19.39, 6544, 19.5, 8114, 19.96, 10370, 20.3, 8936, 20.08, 7622, 20.05, 8806, 20.7, 13728, 20.67, 8097, 20.85, 7079, 20.42, 3389, 19.65, 9740, 19.18, 7445, 18.65, 16142, 17.74, 19422, 18.35, 8447, 18.95, 8884, 17.99, 21728, 17.86, 12423, 17.7, 11453, 17.3, 13782, 16.51, 14588, 17.01, 13600, 15.95, 14392, 15.9, 9694, 16.35, 6855, 16.23, 7029, 16.71, 10568, 15.96, 10170, 15.76, 7715, 15.68, 6809, 15.33, 9693, 15.29, 8049, 15.36, 8032, 15.99, 13358, 15.98, 13034, 15.92, 14055, 15.31, 11236, 15.47, 8373, 16.17, 9117, 16.2, 10470, 16.15, 15223, 16.45, 7144, 16.8, 6699, 16.5, 7347, 16.53, 8240, 16.3, 11927, 16.48, 12383, 16.48, 6058, 11.64, 45387, 12.91, 35738, 12.6, 40717, 12.4, 17150, 13.0, 13803, 13.75, 25244, 13.55, 13080, 13.25, 11486, 13.36, 16377, 13.5, 12663, 13.71, 10979, 14.19, 9582, 14.1, 11725, 14.13, 10675, 14.21, 8911, 14.8, 13583, 14.79, 15279, 14.77, 6785, 14.25, 16256, 14.21, 16541, 14.65, 10799, 14.4, 9494, 14.55, 7391
CCRO3, 16.56, 19003, 16.44, 16810, 16.5, 18314, 16.57, 16567, 16.34, 13527, 16.35, 17303, 15.95, 13750, 15.95, 18336, 16.06, 13514, 16.08, 7365, 15.97, 16152, 16.04, 11066, 15.9, 15137, 16.0, 12336, 15.73, 15643, 15.64, 15621, 15.95, 23257, 16.0, 25140, 15.69, 13532, 15.72, 13472, 15.67, 18181, 15.58, 15592, 15.11, 14188, 14.88, 15338, 15.04, 33963, 14.57, 23461, 14.72, 28227, 14.72, 28376, 14.48, 35278, 14.65, 25781, 14.66, 12972, 14.85, 10126, 14.89, 21528, 15.25, 30781, 14.7, 23365, 13.79, 27116, 12.41, 85319, 12.82, 85270, 12.7, 44911, 12.58, 51527, 12.6, 35336, 12.49, 23405, 12.11, 35137, 12.27, 17856, 12.35, 22410, 12.49, 19266, 12.5, 22182, 12.74, 18636, 12.65, 17673, 12.13, 24924, 12.2, 32915, 12.14, 17457, 12.0, 16958, 12.2, 14619, 12.25, 20391, 12.06, 14525, 11.85, 14462, 12.03, 18617, 12.12, 14096, 12.5, 11985, 12.14, 16267, 12.13, 13401, 12.01, 11808, 12.24, 13551, 12.1, 16054, 12.03, 20051, 12.21, 15687, 12.25, 16697, 12.69, 25651, 12.55, 18523, 12.21, 12264, 12.15, 19423, 12.01, 26750, 12.04, 12525, 11.91, 9397, 12.12, 12116, 11.92, 11189, 11.64, 18545, 11.83, 15311, 11.99, 21091, 11.96, 13837, 11.86, 12305, 11.63, 23914, 11.79, 15598, 11.62, 10851, 11.72, 17036, 11.67, 16320, 11.94, 16802, 12.11, 21579, 12.15, 21176, 11.86, 17860, 11.99, 14610, 11.39, 29257, 11.41, 24783, 11.4, 28731, 11.38, 21840, 11.01, 11943, 10.79, 19998, 10.6, 20976, 10.12, 26831, 10.08, 24970, 10.3, 23674, 10.3, 22865, 10.3, 12933, 9.78, 20129, 9.95, 19224, 9.6, 25871, 9.91, 31826, 10.39, 34860, 10.49, 26687, 10.8, 28342, 10.5, 22576, 10.45, 30929, 10.59, 23767, 10.5, 20885, 10.2, 21703, 9.8, 20818, 9.84, 15614, 9.92, 8453, 10.03, 11387, 9.76, 20918, 9.97, 13614, 10.12, 18458, 9.75, 12213, 9.91, 12194, 10.01, 4533, 10.04, 18029, 10.05, 12604, 10.22, 19885, 10.22, 12888, 10.44, 19818, 10.4, 12035, 10.41, 11539, 10.45, 20053, 10.26, 13484, 10.31, 22030, 10.79, 22403, 11.26, 22483, 11.18, 23116, 11.02, 14832, 10.67, 15513, 10.81, 28435, 10.71, 13080, 10.53, 11771, 10.37, 17816, 10.21, 9057, 10.8, 19932, 10.66, 9949, 10.49, 24881, 10.05, 22363, 10.34, 28183, 10.05, 21318, 10.15, 13889, 10.39, 15741, 10.15, 29109, 9.9, 20597, 9.64, 24744, 9.52, 17893, 9.39, 21214, 9.47, 17878, 9.12, 18125, 9.19, 29789, 9.56, 14980, 9.26, 11899, 9.28, 21982, 9.1, 22261, 9.36, 19699, 9.24, 10688, 9.09, 11451, 9.01, 10903, 9.37, 15167, 9.09, 14453, 8.98, 20947, 8.9, 26922, 8.68, 18772, 8.7, 14465, 8.8, 16543, 9.06, 16257, 8.75, 11851, 8.53, 16922, 8.43, 16904, 8.35, 15019, 8.37, 16613, 7.88, 38759, 8.1, 30276, 8.46, 26306, 8.52, 17285, 9.19, 35877, 9.35, 32041, 9.4, 23084, 9.31, 20225, 10.16, 34220, 10.03, 28917, 9.93, 20174, 9.89, 30970, 9.87, 17143, 10.27, 12502, 10.32, 20457, 10.23, 11499, 10.8, 14476, 10.76, 33295, 10.85, 40659, 10.2, 13660, 10.24, 28253, 10.15, 35149, 10.38, 35673, 10.8, 47728, 10.97, 43455, 11.15, 33928
MRVE3, 15.13, 6522, 15.35, 8854, 15.25, 13052, 15.47, 11273, 15.16, 11134, 15.25, 10444, 15.28, 9204, 15.52, 14751, 15.49, 4847, 15.54, 5054, 15.5, 5048, 15.75, 7986, 15.5, 12248, 15.5, 5806, 15.25, 6412, 15.08, 7400, 15.27, 12824, 15.42, 15141, 15.36, 7754, 15.25, 8016, 15.15, 11348, 15.25, 7437, 15.2, 8465, 15.0, 9840, 15.06, 18902, 14.86, 13970, 14.98, 9173, 14.92, 9703, 15.42, 11255, 15.37, 7209, 15.45, 6031, 15.59, 3296, 15.48, 6984, 15.44, 7171, 15.3, 7663, 15.34, 6280, 15.5, 7326, 15.3, 7191, 15.18, 7441, 15.28, 7787, 15.28, 5783, 15.28, 7038, 15.13, 7757, 14.93, 7934, 14.94, 6620, 15.43, 12220, 15.78, 9076, 16.22, 18683, 16.65, 9360, 16.4, 12333, 16.55, 5387, 16.18, 9363, 15.98, 6950, 15.64, 11619, 15.92, 9304, 15.67, 14789, 16.0, 7151, 15.99, 7480, 15.88, 6406, 16.25, 6761, 16.04, 7886, 15.7, 7427, 15.62, 5396, 15.41, 8257, 15.72, 6786, 15.47, 6104, 15.34, 8361, 14.69, 23150, 15.15, 8400, 14.84, 11150, 14.7, 7780, 14.63, 7712, 14.6, 10441, 14.64, 9662, 14.94, 6861, 14.6, 7513, 14.7, 7008, 14.45, 5846, 14.67, 5285, 15.0, 10641, 15.0, 5690, 14.88, 8902, 14.41, 9230, 14.0, 6607, 14.57, 8721, 14.7, 7605, 14.9, 5059, 15.17, 7188, 14.97, 13345, 14.5, 10814, 14.07, 12202, 14.47, 4251, 13.91, 9162, 14.11, 12392, 14.05, 5175, 14.5, 9530, 14.44, 8165, 14.5, 10252, 14.45, 8333, 13.59, 6989, 13.45, 15559, 13.47, 8441, 13.56, 7072, 13.62, 5552, 12.85, 11493, 12.9, 19829, 12.46, 17114, 12.26, 19578, 12.26, 10231, 12.43, 8421, 12.45, 9936, 12.0, 12512, 11.78, 12618, 11.62, 6793, 12.06, 10691, 12.42, 10989, 12.02, 10061, 12.05, 10515, 12.2, 7624, 12.03, 9880, 11.83, 9773, 11.95, 11038, 12.04, 15049, 11.94, 6075, 12.45, 10188, 12.6, 8236, 12.64, 8831, 12.65, 4266, 12.63, 5449, 12.57, 6083, 12.85, 6342, 13.13, 8675, 13.32, 8079, 13.33, 11142, 13.1, 6920, 13.27, 7705, 13.66, 13712, 13.22, 6807, 13.45, 7293, 13.74, 7029, 13.54, 6101, 13.62, 7487, 13.5, 4652, 13.21, 7908, 13.72, 12946, 13.48, 6145, 13.77, 8849, 13.87, 6937, 13.73, 8363, 13.7, 5811, 13.58, 9052, 13.34, 8749, 13.48, 8282, 13.8, 8045, 13.6, 7299, 13.4, 6318, 13.14, 5918, 13.13, 7195, 13.05, 8104, 13.15, 11750, 12.95, 9096, 12.87, 5983, 13.14, 6127, 13.1, 6708, 13.2, 7931, 12.84, 3664, 13.0, 8471, 13.0, 5684, 12.65, 16357, 12.5, 8705, 12.73, 7562, 12.6, 12077, 12.22, 10673, 12.48, 6737, 12.14, 8730, 12.15, 7634, 12.18, 5147, 12.38, 8470, 12.65, 8458, 12.13, 10158, 12.29, 9607, 12.1, 3383, 11.8, 8251, 12.01, 9718, 12.48, 6226, 12.29, 6236, 12.1, 7226, 12.97, 16069, 13.56, 17740, 13.41, 7530, 13.28, 7880, 14.37, 21659, 13.78, 15486, 12.77, 14190, 12.23, 15002, 12.71, 16490, 13.21, 15150, 12.93, 19863, 12.39, 15898, 12.03, 19346, 12.41, 14430, 12.15, 10350, 12.11, 9383, 11.99, 12504, 12.27, 17141, 12.47, 25866, 12.86, 18362, 12.64, 10808, 12.68, 11909
FIBR3, 48.08, 6113, 47.0, 7747, 47.23, 11237, 47.5, 6860, 49.0, 11224, 49.77, 12045, 49.89, 6025, 49.91, 6067, 50.38, 11775, 51.35, 3439, 50.88, 5971, 50.31, 8760, 52.87, 17047, 52.81, 15593, 54.3, 8769, 55.12, 12593, 53.23, 11502, 52.6, 13950, 55.35, 23015, 56.47, 11712, 54.88, 9159, 55.41, 8588, 56.43, 10860, 55.15, 11750, 54.31, 11393, 55.8, 12804, 54.77, 10573, 54.33, 10589, 53.95, 7673, 53.75, 5299, 57.3, 15804, 59.15, 9460, 63.09, 21782, 61.05, 17181, 61.32, 10010, 61.07, 8026, 61.23, 6682, 62.5, 7551, 61.67, 8603, 61.44, 8056, 61.93, 8189, 61.57, 5929, 62.56, 6884, 63.1, 8605, 67.22, 13980, 67.56, 15036, 69.55, 15297, 69.23, 14004, 71.75, 12218, 71.56, 12260, 64.25, 34831, 64.11, 24431, 64.0, 10441, 63.68, 26748, 64.0, 19140, 64.79, 14679, 65.63, 9491, 64.45, 10194, 64.67, 7250, 65.03, 5395, 64.37, 6229, 64.6, 7004, 65.43, 6756, 65.85, 6425, 66.78, 5241, 66.73, 3487, 66.55, 3734, 66.44, 4881, 66.77, 5564, 66.7, 5075, 66.86, 5034, 67.5, 4786, 67.48, 6663, 67.0, 3862, 67.0, 4934, 67.19, 4757, 67.02, 6111, 67.37, 7675, 68.01, 9624, 68.0, 7631, 68.81, 4734, 69.5, 8754, 69.48, 8945, 69.04, 5247, 68.74, 3174, 68.8, 4660, 70.0, 4105, 69.91, 4462, 70.47, 4997, 70.89, 6454, 71.19, 6316, 70.62, 5348, 70.64, 7954, 71.43, 7717, 71.5, 7472, 70.07, 6326, 69.94, 5466, 71.55, 7120, 71.32, 4642, 72.13, 5608, 70.56, 11663, 70.78, 8415, 71.13, 5551, 72.28, 7066, 73.11, 8217, 75.0, 8059, 75.0, 20031, 71.53, 12994, 71.58, 5258, 71.96, 6379, 71.95, 6847, 73.4, 6761, 73.2, 10004, 72.4, 5114, 71.01, 8655, 70.93, 6460, 71.21, 6315, 71.33, 3175, 71.42, 7141, 71.71, 4282, 72.21, 7108, 72.12, 3864, 72.57, 4750, 72.11, 4280, 72.18, 4444, 72.4, 1718, 72.75, 4162, 72.95, 3552, 71.4, 5607, 72.45, 6081, 72.26, 4216, 72.11, 5769, 71.88, 4601, 71.7, 6743, 73.19, 16686, 73.3, 6573, 71.64, 11110, 72.44, 5738, 73.05, 5922, 73.0, 7135, 73.22, 4727, 73.58, 5711, 73.96, 7417, 74.0, 5313, 73.4, 3992, 74.19, 3247, 73.47, 7739, 74.23, 2916, 73.69, 9105, 74.67, 4414, 74.8, 5050, 75.3, 5807, 75.92, 9112, 75.29, 4674, 74.67, 6280, 74.8, 6145, 75.87, 9289, 77.64, 11578, 78.25, 10852, 79.0, 6660, 81.3, 10454, 80.34, 10108, 79.33, 7206, 80.51, 6554, 80.05, 7434, 81.17, 11239, 79.18, 9196, 80.17, 5719, 79.93, 6897, 78.37, 11814, 78.29, 9437, 77.51, 5871, 77.7, 6343, 77.1, 3989, 76.72, 6269, 77.0, 5706, 76.6, 7907, 76.07, 6252, 75.41, 4110, 75.0, 5599, 74.9, 4713, 74.9, 6477, 75.31, 8288, 75.58, 7142, 74.88, 9473, 75.52, 5288, 75.77, 4016, 74.31, 11424, 73.63, 13996, 72.51, 10836, 72.49, 10977, 72.16, 15036, 71.35, 19032, 72.4, 14523, 72.42, 7759, 72.22, 7082, 72.19, 7657, 71.9, 8104, 71.98, 4569, 72.0, 3969, 72.05, 6034, 72.23, 9120, 73.04, 8738, 73.23, 7779, 71.8, 13806, 71.4, 12338, 70.67, 11270, 71.85, 9795, 71.24, 7642
RENT3, 22.76, 10570, 23.07, 10310, 23.4, 9535, 23.06, 8541, 22.95, 6331, 22.76, 9369, 22.71, 6658, 23.2, 6704, 22.78, 11373, 23.5, 3543, 23.95, 8498, 24.59, 9965, 24.35, 12679, 23.99, 5561, 23.52, 11955, 22.94, 10683, 24.17, 15789, 25.05, 21346, 25.14, 8260, 24.8, 9523, 25.78, 12566, 25.47, 15894, 25.4, 11012, 25.0, 6446, 24.69, 19701, 24.78, 12341, 24.46, 10260, 23.89, 14505, 24.99, 10504, 24.65, 9679, 24.75, 10464, 24.93, 4278, 25.38, 8155, 25.25, 13421, 25.78, 10770, 26.19, 13455, 26.1, 15702, 25.98, 6378, 25.94, 8731, 25.7, 12571, 25.87, 10875, 26.03, 7958, 26.45, 10648, 26.25, 13505, 27.65, 28446, 29.4, 19879, 29.7, 11950, 28.8, 14598, 28.36, 9202, 28.09, 10749, 27.7, 7162, 27.49, 10803, 27.15, 11267, 27.91, 20900, 28.2, 14643, 27.8, 11972, 28.4, 8647, 28.0, 7984, 28.11, 10749, 28.72, 13890, 28.3, 11992, 28.8, 9985, 29.4, 10636, 29.05, 22026, 29.01, 11996, 28.8, 8220, 29.59, 10182, 29.43, 10211, 29.53, 9442, 29.49, 11881, 29.0, 10630, 29.03, 12089, 29.69, 14555, 29.72, 8895, 29.28, 9918, 29.0, 8499, 28.75, 13625, 29.7, 14127, 29.51, 14461, 28.1, 29260, 27.89, 14569, 26.98, 26494, 26.58, 23236, 26.53, 17664, 25.89, 8535, 26.34, 30889, 26.85, 19566, 26.94, 15789, 25.99, 19363, 25.18, 26925, 25.75, 36170, 26.14, 20642, 24.81, 18907, 25.14, 26140, 25.12, 16443, 26.54, 24871, 26.01, 12104, 25.6, 17828, 24.78, 15041, 23.85, 22854, 24.41, 21280, 24.73, 22898, 25.99, 20427, 26.46, 15451, 24.86, 21559, 24.0, 20169, 23.3, 45850, 24.0, 27933, 23.11, 22883, 23.44, 19119, 23.9, 25371, 23.28, 17388, 22.64, 22090, 22.48, 22121, 23.93, 25320, 23.2, 16749, 22.2, 11349, 22.82, 20133, 23.11, 11136, 24.21, 19250, 23.18, 21873, 23.69, 11996, 23.73, 15574, 23.12, 13262, 23.45, 13689, 23.55, 4826, 23.2, 15654, 22.82, 13713, 23.4, 11782, 22.47, 16790, 22.88, 15223, 23.73, 18689, 23.39, 15608, 24.44, 14450, 24.7, 13939, 24.55, 18937, 25.3, 22030, 24.65, 11022, 25.58, 14697, 25.65, 12945, 25.43, 12208, 24.82, 23022, 24.97, 12324, 23.75, 24104, 23.95, 13148, 23.72, 10800, 24.84, 13797, 25.39, 14080, 25.39, 18890, 24.61, 13583, 24.01, 15547, 23.22, 14250, 23.54, 12028, 23.6, 8260, 22.78, 13726, 22.62, 17775, 22.34, 20822, 22.55, 16013, 21.5, 20357, 22.54, 17184, 21.48, 21035, 21.91, 12725, 22.78, 11651, 22.92, 13430, 22.55, 17332, 21.43, 16991, 21.53, 10899, 21.8, 7276, 20.91, 12385, 21.39, 11734, 21.88, 9712, 21.73, 12148, 21.84, 10195, 21.75, 17345, 20.95, 17270, 21.15, 8935, 22.32, 15318, 23.0, 16469, 22.78, 15343, 22.7, 6237, 23.58, 12600, 22.79, 13015, 22.48, 15512, 22.63, 21072, 23.06, 16765, 22.75, 6769, 21.86, 11330, 22.9, 28816, 24.55, 35407, 23.95, 19718, 24.15, 15462, 25.32, 39648, 24.76, 30289, 24.16, 21466, 24.1, 20837, 24.0, 19168, 25.26, 20456, 25.55, 18851, 24.96, 19579, 25.52, 11445, 26.05, 13064, 25.85, 15071, 25.25, 20516, 26.0, 34190, 26.62, 26736, 26.29, 30863, 27.76, 28739, 28.75, 24947, 28.87, 22836
